Features,Coefficients
Transportation Expense,0.8738973772650939
Distance to Work,-0.12614229428300572
Age,-0.35212953603368957
Daily Work Load Average,-0.004701459105544294
Body Mass Index,0.28413707704609975
Education,-0.21126902508838719
Children,0.4383272741290875
Pets,-0.5292746157525565
Reason_1,2.2253132025433007
Reason_2,0.28916548018004695
Reason_3,1.6549838665245395
Reason_4,1.5274078995374794
Day,0.09850048027812876
Month,0.09947740479382085
Weekday,-0.14590540027068558
